{
  "project_info": {
    "project_number": "821649664434",
    "project_id": "auth-fcfda",
    "storage_bucket": "auth-fcfda.appspot.com"
  },
  "client": [
    {
      "client_info": {
        "mobilesdk_app_id": "1:821649664434:android:feb2a335ff639243bd1cab",
        "android_client_info": {
          "package_name": "com.example.project_4"
        }
      },
      "oauth_client": [
        {
          "client_id": "821649664434-pc94bf2o0jhs09frs06limc6che81j4f.apps.googleusercontent.com",
          "client_type": 3
        }
      ],
      "api_key": [
        {
          "current_key": "AIzaSyAjhptA82ZZ-DKE5CSmXNjKVPyy2viQeYs"
        }
      ],
      "services": {
        "appinvite_service": {
          "other_platform_oauth_client": [
            {
              "client_id": "821649664434-pc94bf2o0jhs09frs06limc6che81j4f.apps.googleusercontent.com",
              "client_type": 3
            }
          ]
        }
      }
    }
  ],
  "configuration_version": "1"
}